<?xml version="1.0" encoding="utf-8" ?>
<Advertisements>
  <Ad>
    <ImageUrl>..\image\best.gif</ImageUrl>
    <NavigateUrl>#</NavigateUrl>
    <AlternateText>Hay nhap vao day!</AlternateText>
    <Impressions></Impressions>
    <Keyword></Keyword>
    <Caption></Caption>
  </Ad>
  <Ad>
    <ImageUrl>..\image\24h_tapchiguoii.gif</ImageUrl>
    <NavigateUrl>#</NavigateUrl>
    <AlternateText>Click me</AlternateText>
    <Impressions></Impressions>
    <Keyword></Keyword>
    <Caption></Caption>
  </Ad>
</Advertisements>
